file_nm,security,time,open,high,low,last,settled,change,vol,prev_settled,prev_vol,pre_int
market/Settlements/1_2_2017_ags_settlements.txt,ACF Ethanol Futures,FEB17,1.492,1.492,1.467,1.483,1.481,-.012,43,1.493,198,204
market/Settlements/1_2_2017_ags_settlements.txt,ACF Ethanol Futures,MAR17,1.530,1.530,1.474,1.512,1.511,-.003,244,1.514,250,3261
market/Settlements/1_2_2017_ags_settlements.txt,ACF Ethanol Futures,APR17,1.532,1.537,1.505,1.534,1.532,-.008,209,1.540,38,1047
market/Settlements/1_2_2017_ags_settlements.txt,ACF Ethanol Futures,MAY17,1.531,1.540,1.531,1.540,1.548,-.008,215,1.556,2,307
market/Settlements/1_2_2017_ags_settlements.txt,AIR AIRASIA SSF,FEB17,,,,,,0,,2.56,,
market/Settlements/1_2_2017_ags_settlements.txt,AIR AIRASIA SSF,MAR17,,,,,,0,,2.56,,
market/Settlements/1_2_2017_ags_settlements.txt,AIR AIRASIA SSF,JUN17,,,,,,0,,2.56,,
market/Settlements/1_2_2017_ags_settlements.txt,AJC MGEX APPLE JUICE FUTURE,MAR17,,,,,5.1500,0,,5.1500,,12
market/Settlements/1_2_2017_ags_settlements.txt,AJC MGEX APPLE JUICE FUTURE,MAY17,,,,,5.2500,0,,5.2500,,28
market/Settlements/1_2_2017_ags_settlements.txt,AJC MGEX APPLE JUICE FUTURE,JLY17,,,,,5.2500,0,,5.2500,,10
market/Settlements/1_2_2017_ags_settlements.txt,AMM AMMB SSF,FEB17,,,,,,0,,4.62,,
market/Settlements/1_2_2017_ags_settlements.txt,AMM AMMB SSF,MAR17,,,,,,0,,4.62,,
market/Settlements/1_2_2017_ags_settlements.txt,AMM AMMB SSF,JUN17,,,,,,0,,4.62,,
market/Settlements/1_2_2017_ags_settlements.txt,AW Bloomberg Commodity Index Futures,MAR17,87.9,88.7,87.9,88.6,88.6,+.9,2661,87.7,562,35047
market/Settlements/1_2_2017_ags_settlements.txt,AW Bloomberg Commodity Index Futures,JUN17,,,,,88.6,+.9,,87.7,,
market/Settlements/1_2_2017_ags_settlements.txt,AW Bloomberg Commodity Index Futures,SEP17,,,,,88.6,+.9,,87.7,,
market/Settlements/1_2_2017_ags_settlements.txt,AW Bloomberg Commodity Index Futures,DEC17,,,,,88.6,+.9,,87.7,,
market/Settlements/1_2_2017_ags_settlements.txt,BCX SOYBEAN CRUSH,MAR17,,84.2,78.2,79.6,79.6,-4.2,,84.0,,
market/Settlements/1_2_2017_ags_settlements.txt,BCX SOYBEAN CRUSH,MAY17,,85.2,78.6,80.6,80.6,-4.0,,84.6,,
market/Settlements/1_2_2017_ags_settlements.txt,BCX SOYBEAN CRUSH,JLY17,,84.4,78.6,80.4,80.4,-4.0,,84.4,,
market/Settlements/1_2_2017_ags_settlements.txt,BCX SOYBEAN CRUSH,AUG17,,84.4,74.0,78.0,78.0,-4.0,,82.0,,
market/Settlements/1_2_2017_ags_settlements.txt,BO Soybean Oil Futurez,MAR17,33.85,34.43,33.80,34.31,34.31,+.46,43893,33.85,55990,170887
market/Settlements/1_2_2017_ags_settlements.txt,BO Soybean Oil Futurez,MAY17,34.15,34.71,34.08,34.60,34.60,+.46,18547,34.14,27034,96019
market/Settlements/1_2_2017_ags_settlements.txt,BO Soybean Oil Futurez,JLY17,34.41,34.96,34.34,34.86,34.86,+.46,16522,34.40,12914,81187
market/Settlements/1_2_2017_ags_settlements.txt,BO Soybean Oil Futurez,AUG17,34.40,34.97,34.39,34.90,34.92,+.48,1443,34.44,1665,9456
market/Settlements/1_2_2017_ags_settlements.txt,BRS BURSA MALAYSIA - SSF,FEB17,,,,,,0,,8.88,,
market/Settlements/1_2_2017_ags_settlements.txt,BRS BURSA MALAYSIA - SSF,MAR17,,,,,,0,,8.88,,
market/Settlements/1_2_2017_ags_settlements.txt,BRS BURSA MALAYSIA - SSF,JUN17,,,,,,0,,8.88,,
market/Settlements/1_2_2017_ags_settlements.txt,BST BERJAYA SPORTS - SSF,FEB17,,,,,,0,,2.94,,
market/Settlements/1_2_2017_ags_settlements.txt,BST BERJAYA SPORTS - SSF,MAR17,,,,,,0,,2.94,,
market/Settlements/1_2_2017_ags_settlements.txt,BST BERJAYA SPORTS - SSF,JUN17,,,,,,0,,2.94,,
market/Settlements/1_2_2017_ags_settlements.txt,C Corn Futures,MAR17,360.0,368.4,358.0,367.2,368.2,+8.4,221378,359.6,144840,581212
market/Settlements/1_2_2017_ags_settlements.txt,C Corn Futures,MAY17,367.0,375.6,365.2,372.0,375.6,+8.6,69738,367.0,41593,246374
market/Settlements/1_2_2017_ags_settlements.txt,C Corn Futures,JLY17,373.4,382.6,372.0,382.0,382.6,+9.0,53807,373.6,36421,243136
market/Settlements/1_2_2017_ags_settlements.txt,C Corn Futures,SEP17,380.2,389.2,378.6,388.4,389.2,+8.6,14999,380.4,12664,92506
market/Settlements/1_2_2017_ags_settlements.txt,C3S KC HRW Calendar Spread Options - March/July Synthe,MAR17,,,,,-25.0,+.2,,-24.6,,
market/Settlements/1_2_2017_ags_settlements.txt,CB CME CASH SETTLED BUTTER FUTURES,JAN17,,,,,225.680,0,,225.000,,882
market/Settlements/1_2_2017_ags_settlements.txt,CB CME CASH SETTLED BUTTER FUTURES,FEB17,222.875,223.025,222.000,222.050,222.025,-2.950,31,224.975,,858
market/Settlements/1_2_2017_ags_settlements.txt,CB CME CASH SETTLED BUTTER FUTURES,MAR17,227.000,227.000,226.725,226.725,226.750,-.250,7,227.000,15,783
market/Settlements/1_2_2017_ags_settlements.txt,CB CME CASH SETTLED BUTTER FUTURES,APR17,229.000,229.000,227.700,227.700,227.700,-.300,10,228.000,8,664
market/Settlements/1_2_2017_ags_settlements.txt,CKS KC HRW Calendar Spread Options - July/Dec Syntheti,JLY17,,,,,-35.2,-.4,,-35.6,,
market/Settlements/1_2_2017_ags_settlements.txt,CKW KCB-CBT WHT SPRD SYN,JLY17,,,,,5.6,-1.2,,7.0,,
market/Settlements/1_2_2017_ags_settlements.txt,CKW KCB-CBT WHT SPRD SYN,DEC17,,,,,9.6,-.4,,10.2,,
market/Settlements/1_2_2017_ags_settlements.txt,CPC MALYSN PALM OIL SWAP,FEB17,,,,,684.00,0,,684.00,,1720
market/Settlements/1_2_2017_ags_settlements.txt,CPC MALYSN PALM OIL SWAP,MAR17,,,,,669.00,0,,669.00,,2000
market/Settlements/1_2_2017_ags_settlements.txt,CPC MALYSN PALM OIL SWAP,APR17,,,,,655.75,0,,655.75,,2132
market/Settlements/1_2_2017_ags_settlements.txt,CPC MALYSN PALM OIL SWAP,MAY17,,,,,641.25,0,,641.25,,2312
market/Settlements/1_2_2017_ags_settlements.txt,CPO USD Malaysian Crude Palm Oil Calendar Futures,FEB17,,,,,682.25,0,,682.25,,460
market/Settlements/1_2_2017_ags_settlements.txt,CPO USD Malaysian Crude Palm Oil Calendar Futures,MAR17,,,,,666.25,0,,666.25,,60
market/Settlements/1_2_2017_ags_settlements.txt,CPO USD Malaysian Crude Palm Oil Calendar Futures,APR17,,,,,652.00,0,,652.00,,128
market/Settlements/1_2_2017_ags_settlements.txt,CPO USD Malaysian Crude Palm Oil Calendar Futures,MAY17,,,,,636.25,0,,636.25,,128
market/Settlements/1_2_2017_ags_settlements.txt,CSC Cash Settled Cheese Future,JAN17,,,,,1.7011,0,,1.6980,14,2743
market/Settlements/1_2_2017_ags_settlements.txt,CSC Cash Settled Cheese Future,FEB17,1.678,1.689,1.675,1.689,1.686,+.006,25,1.680,16,2612
market/Settlements/1_2_2017_ags_settlements.txt,CSC Cash Settled Cheese Future,MAR17,1.715,1.727,1.707,1.724,1.722,-.002,60,1.724,44,2856
market/Settlements/1_2_2017_ags_settlements.txt,CSC Cash Settled Cheese Future,APR17,1.736,1.742,1.733,1.742,1.742,+.004,32,1.738,15,2576
market/Settlements/1_2_2017_ags_settlements.txt,DA MILK FUTURES,JAN17,,,,,16.77,0,,16.75,132,4231
market/Settlements/1_2_2017_ags_settlements.txt,DA MILK FUTURES,FEB17,16.68,16.79,16.60,16.78,16.74,+.03,241,16.71,396,4156
market/Settlements/1_2_2017_ags_settlements.txt,DA MILK FUTURES,MAR17,17.06,17.19,16.97,17.15,17.15,0,220,17.15,303,4113
market/Settlements/1_2_2017_ags_settlements.txt,DA MILK FUTURES,APR17,17.29,17.35,17.20,17.34,17.34,+.04,128,17.30,159,3550
market/Settlements/1_2_2017_ags_settlements.txt,DFL DAP FOB NOLA SWAP FUTURE,FEB17,,,,,323.00,0,,323.00,15,195
market/Settlements/1_2_2017_ags_settlements.txt,DFL DAP FOB NOLA SWAP FUTURE,MAR17,,,,,329.50,+3.50,,326.00,30,180
market/Settlements/1_2_2017_ags_settlements.txt,DFL DAP FOB NOLA SWAP FUTURE,APR17,,,,,325.75,+2.50,,323.25,,
market/Settlements/1_2_2017_ags_settlements.txt,DFL DAP FOB NOLA SWAP FUTURE,MAY17,,,,,317.50,+2.00,,315.50,,
market/Settlements/1_2_2017_ags_settlements.txt,DFT DAP FOB TAMPA SWAP FUTURE,FEB17,,,,,333.50,0,,333.50,,
market/Settlements/1_2_2017_ags_settlements.txt,DFT DAP FOB TAMPA SWAP FUTURE,MAR17,,,,,335.00,0,,335.00,,15
market/Settlements/1_2_2017_ags_settlements.txt,DFT DAP FOB TAMPA SWAP FUTURE,APR17,,,,,331.00,0,,331.00,,
market/Settlements/1_2_2017_ags_settlements.txt,DFT DAP FOB TAMPA SWAP FUTURE,MAY17,,,,,327.50,0,,327.50,,
market/Settlements/1_2_2017_ags_settlements.txt,DGS Bloomberg Commodity Index Swap Future,FEB17,,,,,88.5422,+.9500,,87.5922,,
market/Settlements/1_2_2017_ags_settlements.txt,DGS Bloomberg Commodity Index Swap Future,MAR17,,,,,88.5422,+.9500,,87.5922,,
market/Settlements/1_2_2017_ags_settlements.txt,DGS Bloomberg Commodity Index Swap Future,APR17,,,,,88.5422,+.9500,,87.5922,,
market/Settlements/1_2_2017_ags_settlements.txt,DGS Bloomberg Commodity Index Swap Future,MAY17,,,,,88.5422,0,,,,
market/Settlements/1_2_2017_ags_settlements.txt,DK CME CLASS IV MILK FUTURES,JAN17,,,,,16.19,0,,16.20,4,381
market/Settlements/1_2_2017_ags_settlements.txt,DK CME CLASS IV MILK FUTURES,FEB17,,,,,16.07,0,,16.07,,374
market/Settlements/1_2_2017_ags_settlements.txt,DK CME CLASS IV MILK FUTURES,MAR17,16.10,16.10,16.10,16.10,16.08,0,1,16.08,3,373
market/Settlements/1_2_2017_ags_settlements.txt,DK CME CLASS IV MILK FUTURES,APR17,,16.28,,16.28,16.26,0,1,16.26,6,361
market/Settlements/1_2_2017_ags_settlements.txt,DRS Bloomberg Roll Select futures,FEB17,,,,,223.7,+2.10,,221.6,,
market/Settlements/1_2_2017_ags_settlements.txt,DRS Bloomberg Roll Select futures,MAR17,,,,,223.7,+2.10,,221.6,,1152
market/Settlements/1_2_2017_ags_settlements.txt,DRS Bloomberg Roll Select futures,APR17,,,,,223.8,+2.10,,221.7,,
market/Settlements/1_2_2017_ags_settlements.txt,DRS Bloomberg Roll Select futures,MAY17,,,,,223.8,+2.10,,221.7,,
market/Settlements/1_2_2017_ags_settlements.txt,DY DRY WHEY FUTURES,JAN17,,,,,44.2100,0,,44.2500,,566
market/Settlements/1_2_2017_ags_settlements.txt,DY DRY WHEY FUTURES,FEB17,46.7250,47.7750,46.7000,47.6500,46.7250,-.0250,11,46.7500,4,599
market/Settlements/1_2_2017_ags_settlements.txt,DY DRY WHEY FUTURES,MAR17,46.5750,47.0000,46.5000,47.0000,46.5000,-.4000,37,46.9000,4,671
market/Settlements/1_2_2017_ags_settlements.txt,DY DRY WHEY FUTURES,APR17,47.1000,47.2500,47.1000,47.2500,47.0000,0,18,47.0000,15,623
market/Settlements/1_2_2017_ags_settlements.txt,FC CME FEEDER CATTLE FUTURES,MAR17,122.100,123.675,121.075,122.300,122.075,-.700,7182,122.775,6169,23476
market/Settlements/1_2_2017_ags_settlements.txt,FC CME FEEDER CATTLE FUTURES,APR17,121.775,123.125,120.625,121.900,121.725,-.700,1983,122.425,1734,8511
market/Settlements/1_2_2017_ags_settlements.txt,FC CME FEEDER CATTLE FUTURES,MAY17,120.875,121.800,119.500,120.825,120.625,-.700,2031,121.325,1449,9467
market/Settlements/1_2_2017_ags_settlements.txt,FC CME FEEDER CATTLE FUTURES,AUG17,121.925,122.700,120.625,121.675,121.650,-.800,1330,122.450,1404,6870
market/Settlements/1_2_2017_ags_settlements.txt,FCP BMD Crude Palm Oil Future,FEB17,,,,,,0,,3230,,
market/Settlements/1_2_2017_ags_settlements.txt,FCP BMD Crude Palm Oil Future,MAR17,,,,,,0,,3100,,
market/Settlements/1_2_2017_ags_settlements.txt,FCP BMD Crude Palm Oil Future,APR17,,,,,,0,,3029,,
market/Settlements/1_2_2017_ags_settlements.txt,FCP BMD Crude Palm Oil Future,MAY17,,,,,,0,,2963,,
market/Settlements/1_2_2017_ags_settlements.txt,FGE GENTING - SSF,FEB17,,,,,,0,,8.30,,
market/Settlements/1_2_2017_ags_settlements.txt,FGE GENTING - SSF,MAR17,,,,,,0,,8.30,,
market/Settlements/1_2_2017_ags_settlements.txt,FGE GENTING - SSF,JUN17,,,,,,0,,8.30,,
market/Settlements/1_2_2017_ags_settlements.txt,FGL BMD GOLD FUTURES,FEB17,,,,,,0,,169.65,,
market/Settlements/1_2_2017_ags_settlements.txt,FGL BMD GOLD FUTURES,MAR17,,,,,,0,,170.15,,
market/Settlements/1_2_2017_ags_settlements.txt,FGL BMD GOLD FUTURES,APR17,,,,,,0,,170.40,,
market/Settlements/1_2_2017_ags_settlements.txt,FGL BMD GOLD FUTURES,JUN17,,,,,,0,,171.55,,
market/Settlements/1_2_2017_ags_settlements.txt,FPO USD RBD Palm Olein Futures,FEB17,,,,,,0,,752.50,,
market/Settlements/1_2_2017_ags_settlements.txt,FPO USD RBD Palm Olein Futures,MAR17,,,,,,0,,752.50,,
market/Settlements/1_2_2017_ags_settlements.txt,FPO USD RBD Palm Olein Futures,APR17,,,,,,0,,752.50,,
market/Settlements/1_2_2017_ags_settlements.txt,FPO USD RBD Palm Olein Futures,MAY17,,,,,,0,,752.50,,
market/Settlements/1_2_2017_ags_settlements.txt,FTE TELEKOM MALAYSAI SSF,FEB17,,,,,,0,,6.00,,
market/Settlements/1_2_2017_ags_settlements.txt,FTE TELEKOM MALAYSAI SSF,MAR17,,,,,,0,,6.00,,
market/Settlements/1_2_2017_ags_settlements.txt,FTE TELEKOM MALAYSAI SSF,JUN17,,,,,,0,,6.00,,
market/Settlements/1_2_2017_ags_settlements.txt,FZE Ethanol Swap (71) Futures,FEB17,,,,,1.5110,-.0030,,1.5140,,92
market/Settlements/1_2_2017_ags_settlements.txt,FZE Ethanol Swap (71) Futures,MAR17,,,,,1.5320,-.0080,,1.5400,34,43
market/Settlements/1_2_2017_ags_settlements.txt,FZE Ethanol Swap (71) Futures,APR17,,,,,1.5480,-.0080,,1.5560,,
market/Settlements/1_2_2017_ags_settlements.txt,FZE Ethanol Swap (71) Futures,MAY17,,,,,1.5430,-.0080,,1.5510,,
market/Settlements/1_2_2017_ags_settlements.txt,GFT FEEDER CATTLE TAS Futures,MAR17,.000,.100,-.075,.075,.000,0,13,.000,,
market/Settlements/1_2_2017_ags_settlements.txt,GFT FEEDER CATTLE TAS Futures,APR17,,.100,-.075,.100,.000,0,,.000,,
market/Settlements/1_2_2017_ags_settlements.txt,HET LEAN HOGS TAS Futures,APR17,.000,.025,-.025,.000,.000,0,407,.000,,
market/Settlements/1_2_2017_ags_settlements.txt,HET LEAN HOGS TAS Futures,JUN17,.000,.050,-.025,.050,.000,0,30,.000,,
market/Settlements/1_2_2017_ags_settlements.txt,IBF Minneapolis National Corn Index Futures,FEB17,,,,,346.0,+6.0,,340.0,,
market/Settlements/1_2_2017_ags_settlements.txt,IBF Minneapolis National Corn Index Futures,MAR17,,,,,351.0,0,,,,
market/Settlements/1_2_2017_ags_settlements.txt,IHF Minneapolis Hard Red Winter Wheat Index Futures,FEB17,,,,,363.0,+9.0,,354.0,,
market/Settlements/1_2_2017_ags_settlements.txt,IHF Minneapolis Hard Red Winter Wheat Index Futures,MAR17,,,,,368.0,0,,,,
market/Settlements/1_2_2017_ags_settlements.txt,IOI IOI CORPORATION SSF,FEB17,,,,,,0,,4.48,,
market/Settlements/1_2_2017_ags_settlements.txt,IOI IOI CORPORATION SSF,MAR17,,,,,,0,,4.48,,
market/Settlements/1_2_2017_ags_settlements.txt,IOI IOI CORPORATION SSF,JUN17,,,,,,0,,4.48,,
market/Settlements/1_2_2017_ags_settlements.txt,IPF Minneapolis Hard Red Spring Wheat Index Futures,FEB17,,,,,531.0,+5.0,,526.0,,
market/Settlements/1_2_2017_ags_settlements.txt,IPF Minneapolis Hard Red Spring Wheat Index Futures,MAR17,,,,,536.0,0,,,,
market/Settlements/1_2_2017_ags_settlements.txt,ISF Minneapolis National Soybean Index Futures,FEB17,,,,,975.0,+8.0,,967.0,,
market/Settlements/1_2_2017_ags_settlements.txt,ISF Minneapolis National Soybean Index Futures,MAR17,,,,,980.0,0,,,,
market/Settlements/1_2_2017_ags_settlements.txt,IWF Minneapolis Soft Red Winter Wheat Index Futures,FEB17,,,,,411.0,+15.0,,396.0,,
market/Settlements/1_2_2017_ags_settlements.txt,IWF Minneapolis Soft Red Winter Wheat Index Futures,MAR17,,,,,416.0,0,,,,
market/Settlements/1_2_2017_ags_settlements.txt,K6S KC HRW Calendar Spread Options - Dec/July Syntheti,DEC17,,,,,-21.4,-2.0,,-23.4,,
market/Settlements/1_2_2017_ags_settlements.txt,KB3 3MTH KUALA IB RATE,FEB17,,,,,,0,,96.55,,
market/Settlements/1_2_2017_ags_settlements.txt,KB3 3MTH KUALA IB RATE,MAR17,,,,,,0,,96.55,,
market/Settlements/1_2_2017_ags_settlements.txt,KB3 3MTH KUALA IB RATE,APR17,,,,,,0,,96.53,,
market/Settlements/1_2_2017_ags_settlements.txt,KB3 3MTH KUALA IB RATE,JUN17,,,,,,0,,96.50,,
market/Settlements/1_2_2017_ags_settlements.txt,KC7 KC HRW Calendar Spread Options - Consecutive Synth,MAR17,,,,,-12.6,0,,-12.6,,
market/Settlements/1_2_2017_ags_settlements.txt,KC7 KC HRW Calendar Spread Options - Consecutive Synth,MAY17,,,,,-12.2,+.2,,-12.0,,
market/Settlements/1_2_2017_ags_settlements.txt,KC7 KC HRW Calendar Spread Options - Consecutive Synth,JLY17,,,,,-14.2,-.2,,-14.4,,
market/Settlements/1_2_2017_ags_settlements.txt,KC7 KC HRW Calendar Spread Options - Consecutive Synth,SEP17,,,,,-21.0,-.2,,-21.2,,
market/Settlements/1_2_2017_ags_settlements.txt,KEF Kansas City Wheat Futures,MAR17,429.4,441.6,425.0,440.0,440.4,+11.0,20507,429.4,23264,91288
market/Settlements/1_2_2017_ags_settlements.txt,KEF Kansas City Wheat Futures,MAY17,442.0,454.4,437.4,453.2,453.2,+11.0,5409,442.2,9875,46516
market/Settlements/1_2_2017_ags_settlements.txt,KEF Kansas City Wheat Futures,JLY17,454.4,466.4,450.0,465.6,465.4,+11.2,7253,454.2,8013,66441
market/Settlements/1_2_2017_ags_settlements.txt,KEF Kansas City Wheat Futures,SEP17,468.2,480.6,464.4,480.4,479.6,+11.0,346,468.6,1424,9001
market/Settlements/1_2_2017_ags_settlements.txt,KET Kansas City Wheat TAS Futures,MAR17,.0,.2,.0,.2,.0,0,839,.0,,
market/Settlements/1_2_2017_ags_settlements.txt,KET Kansas City Wheat TAS Futures,MAY17,-.2,.2,-.2,.2,.0,0,397,.0,,
market/Settlements/1_2_2017_ags_settlements.txt,KET Kansas City Wheat TAS Futures,JLY17,.0,.2,.0,.2,.0,0,23,.0,,
market/Settlements/1_2_2017_ags_settlements.txt,KLI BMD-KUALA LUMPAR INDEX FUTURE,FEB17,,,,,,0,,1670.00,,
market/Settlements/1_2_2017_ags_settlements.txt,KLI BMD-KUALA LUMPAR INDEX FUTURE,MAR17,,,,,,0,,1669.50,,
market/Settlements/1_2_2017_ags_settlements.txt,KLI BMD-KUALA LUMPAR INDEX FUTURE,JUN17,,,,,,0,,1659.50,,
market/Settlements/1_2_2017_ags_settlements.txt,KNS KC HRW Calendar Spread Options - July/July Synthet,JLY17,,,,,-56.6,-2.4,,-59.2,,
market/Settlements/1_2_2017_ags_settlements.txt,KZS KC HRW Calendar Spread Options - Dec/Dec Synthetic,DEC17,,,,,-44.6,-3.4,,-48.2,,
market/Settlements/1_2_2017_ags_settlements.txt,LB CME LUMBER FUTURES,MAR17,332.00,340.00,332.00,340.00,337.90,+7.90,813,330.00,643,2962
market/Settlements/1_2_2017_ags_settlements.txt,LB CME LUMBER FUTURES,MAY17,342.90,349.40,342.90,349.40,347.00,+7.60,338,339.40,218,823
market/Settlements/1_2_2017_ags_settlements.txt,LB CME LUMBER FUTURES,JLY17,348.80,357.40,348.80,357.40,353.30,+5.90,46,347.40,14,74
market/Settlements/1_2_2017_ags_settlements.txt,LB CME LUMBER FUTURES,SEP17,352.90,358.00,352.90,358.00,356.40,+4.40,21,352.00,3,35
market/Settlements/1_2_2017_ags_settlements.txt,LC CME LIVE CATTLE FUTURES,FEB17,115.400,116.400,114.650,115.700,115.575,-.025,13629,115.600,8413,37118
market/Settlements/1_2_2017_ags_settlements.txt,LC CME LIVE CATTLE FUTURES,APR17,113.825,114.850,112.750,113.900,113.700,-.475,29653,114.175,20770,148851
market/Settlements/1_2_2017_ags_settlements.txt,LC CME LIVE CATTLE FUTURES,JUN17,103.950,104.675,103.400,104.375,104.225,+.025,12856,104.200,9083,84945
market/Settlements/1_2_2017_ags_settlements.txt,LC CME LIVE CATTLE FUTURES,AUG17,99.650,100.375,99.400,100.350,100.225,+.250,8053,99.975,4102,41864
market/Settlements/1_2_2017_ags_settlements.txt,LET LIVE CATTLE TAS Futures,APR17,.000,.025,.000,.025,.000,0,167,.000,,
market/Settlements/1_2_2017_ags_settlements.txt,LET LIVE CATTLE TAS Futures,JUN17,.000,.000,-.025,.000,.000,0,170,.000,,
market/Settlements/1_2_2017_ags_settlements.txt,LH CME LEAN HOG FUTURES,FEB17,69.500,70.000,68.925,69.525,69.425,+.350,9316,69.075,9984,22754
market/Settlements/1_2_2017_ags_settlements.txt,LH CME LEAN HOG FUTURES,APR17,69.525,69.975,68.225,69.025,69.100,-.150,16216,69.250,17535,94963
market/Settlements/1_2_2017_ags_settlements.txt,LH CME LEAN HOG FUTURES,MAY17,74.175,74.175,73.000,73.700,73.675,-.300,170,73.975,74,1707
market/Settlements/1_2_2017_ags_settlements.txt,LH CME LEAN HOG FUTURES,JUN17,77.750,78.100,76.775,77.700,77.675,+.075,5604,77.600,9161,46570
market/Settlements/1_2_2017_ags_settlements.txt,MCX MGEX-CBOT Wheat Spread Synthetic Future,JLY17,,,,,97.6,-6.0,,103.6,,
market/Settlements/1_2_2017_ags_settlements.txt,MCX MGEX-CBOT Wheat Spread Synthetic Future,SEP17,,,,,101.2,-6.0,,107.2,,
market/Settlements/1_2_2017_ags_settlements.txt,MCX MGEX-CBOT Wheat Spread Synthetic Future,DEC17,,,,,76.6,-4.4,,81.2,,
market/Settlements/1_2_2017_ags_settlements.txt,MG3 3YR MAL GOV SEC FUT,MAR17,,,,,,0,,106.84,,
market/Settlements/1_2_2017_ags_settlements.txt,MG3 3YR MAL GOV SEC FUT,JUN17,,,,,,0,,106.84,,
market/Settlements/1_2_2017_ags_settlements.txt,MG3 3YR MAL GOV SEC FUT,SEP17,,,,,,0,,106.14,,
market/Settlements/1_2_2017_ags_settlements.txt,MG3 3YR MAL GOV SEC FUT,DEC17,,,,,,0,,105.64,,
market/Settlements/1_2_2017_ags_settlements.txt,MG5 5YR MAL GOV SEC FUT,MAR17,,,,,,0,,110.08,,
market/Settlements/1_2_2017_ags_settlements.txt,MG5 5YR MAL GOV SEC FUT,JUN17,,,,,,0,,110.08,,
market/Settlements/1_2_2017_ags_settlements.txt,MG5 5YR MAL GOV SEC FUT,SEP17,,,,,,0,,109.46,,
market/Settlements/1_2_2017_ags_settlements.txt,MG5 5YR MAL GOV SEC FUT,DEC17,,,,,,0,,108.93,,
market/Settlements/1_2_2017_ags_settlements.txt,MGA BMD FMGA 10 Year Malaysian Gov't future,MAR17,,,,,,0,,113.74,,
market/Settlements/1_2_2017_ags_settlements.txt,MGA BMD FMGA 10 Year Malaysian Gov't future,JUN17,,,,,,0,,113.74,,
market/Settlements/1_2_2017_ags_settlements.txt,MGA BMD FMGA 10 Year Malaysian Gov't future,SEP17,,,,,,0,,113.12,,
market/Settlements/1_2_2017_ags_settlements.txt,MGA BMD FMGA 10 Year Malaysian Gov't future,DEC17,,,,,,0,,112.65,,
market/Settlements/1_2_2017_ags_settlements.txt,MKC Mini-Sized KC HRW Wheat Futures,MAR17,,,,,440.4,+11.0,,429.4,,
market/Settlements/1_2_2017_ags_settlements.txt,MKC Mini-Sized KC HRW Wheat Futures,MAY17,,,,,453.2,+11.0,,442.2,,
market/Settlements/1_2_2017_ags_settlements.txt,MKC Mini-Sized KC HRW Wheat Futures,JLY17,,,,,465.4,+11.2,,454.2,,
market/Settlements/1_2_2017_ags_settlements.txt,MKC Mini-Sized KC HRW Wheat Futures,SEP17,,,,,479.6,+11.0,,468.6,,
market/Settlements/1_2_2017_ags_settlements.txt,MWE Minneapolis Hard Red Spring Wheat Futures,MAR17,549.4,557.6,547.0,557.0,555.6,+7.2,3031,548.4,4216,28287
market/Settlements/1_2_2017_ags_settlements.txt,MWE Minneapolis Hard Red Spring Wheat Futures,MAY17,547.4,554.6,546.0,554.4,554.0,+6.4,3029,547.4,3036,26235
market/Settlements/1_2_2017_ags_settlements.txt,MWE Minneapolis Hard Red Spring Wheat Futures,JLY17,550.0,559.2,550.0,557.0,557.4,+6.4,1316,551.0,1392,14410
market/Settlements/1_2_2017_ags_settlements.txt,MWE Minneapolis Hard Red Spring Wheat Futures,SEP17,553.4,562.0,553.4,560.4,561.0,+6.4,451,554.4,764,6177
market/Settlements/1_2_2017_ags_settlements.txt,NF CME NON-FAT DRY MILK FUTURES,JAN17,,,,,102.290,0,,102.100,,892
market/Settlements/1_2_2017_ags_settlements.txt,NF CME NON-FAT DRY MILK FUTURES,FEB17,100.650,101.700,100.650,101.425,101.575,+.575,7,101.000,28,905
market/Settlements/1_2_2017_ags_settlements.txt,NF CME NON-FAT DRY MILK FUTURES,MAR17,100.400,101.500,100.400,100.800,101.175,+.800,54,100.375,6,976
market/Settlements/1_2_2017_ags_settlements.txt,NF CME NON-FAT DRY MILK FUTURES,APR17,102.325,103.175,102.000,102.550,103.000,+1.000,56,102.000,,755
market/Settlements/1_2_2017_ags_settlements.txt,O Oats Futures,MAR17,245.4,253.2,245.0,250.2,250.6,+6.4,533,244.2,445,4502
market/Settlements/1_2_2017_ags_settlements.txt,O Oats Futures,MAY17,243.2,247.0,241.2,245.2,246.0,+7.2,286,238.6,287,2457
market/Settlements/1_2_2017_ags_settlements.txt,O Oats Futures,JLY17,238.4,239.0,238.4,239.0,242.6,+6.6,1,236.0,6,437
market/Settlements/1_2_2017_ags_settlements.txt,O Oats Futures,SEP17,,240.0,,240.0,241.6,+8.4,,233.2,,8
market/Settlements/1_2_2017_ags_settlements.txt,OPF USD Malaysian Palm Olein Calendar Futures,FEB17,,,,,730.00,0,,730.00,,
market/Settlements/1_2_2017_ags_settlements.txt,OPF USD Malaysian Palm Olein Calendar Futures,MAR17,,,,,703.75,0,,703.75,,
market/Settlements/1_2_2017_ags_settlements.txt,OPF USD Malaysian Palm Olein Calendar Futures,APR17,,,,,703.75,0,,703.75,,
market/Settlements/1_2_2017_ags_settlements.txt,OPF USD Malaysian Palm Olein Calendar Futures,MAY17,,,,,666.25,0,,666.25,,
market/Settlements/1_2_2017_ags_settlements.txt,OPS USD Malaysian Palm Olein Calendar Swaps,FEB17,,,,,730.00,0,,730.00,,
market/Settlements/1_2_2017_ags_settlements.txt,OPS USD Malaysian Palm Olein Calendar Swaps,MAR17,,,,,703.75,0,,703.75,,
market/Settlements/1_2_2017_ags_settlements.txt,OPS USD Malaysian Palm Olein Calendar Swaps,APR17,,,,,703.75,0,,703.75,,
market/Settlements/1_2_2017_ags_settlements.txt,OPS USD Malaysian Palm Olein Calendar Swaps,MAY17,,,,,666.25,0,,666.25,,
market/Settlements/1_2_2017_ags_settlements.txt,PKO BMD CRD PLM KRNL OIL,FEB17,,,,,,0,,7827,,
market/Settlements/1_2_2017_ags_settlements.txt,PKO BMD CRD PLM KRNL OIL,MAR17,,,,,,0,,7827,,
market/Settlements/1_2_2017_ags_settlements.txt,PKO BMD CRD PLM KRNL OIL,APR17,,,,,,0,,7827,,
market/Settlements/1_2_2017_ags_settlements.txt,PKO BMD CRD PLM KRNL OIL,MAY17,,,,,,0,,7827,,
market/Settlements/1_2_2017_ags_settlements.txt,POG Bursa Malaysia Crude Palm Oil � Gasoil Spread Futu,FEB17,,,,,183.475,-4.175,,187.650,,
market/Settlements/1_2_2017_ags_settlements.txt,POG Bursa Malaysia Crude Palm Oil � Gasoil Spread Futu,MAR17,,,,,165.685,-3.826,,169.511,,
market/Settlements/1_2_2017_ags_settlements.txt,POG Bursa Malaysia Crude Palm Oil � Gasoil Spread Futu,APR17,,,,,150.803,-3.592,,154.395,,
market/Settlements/1_2_2017_ags_settlements.txt,POG Bursa Malaysia Crude Palm Oil � Gasoil Spread Futu,MAY17,,,,,134.772,-3.337,,138.109,,
market/Settlements/1_2_2017_ags_settlements.txt,Q02 SYNTH Future - 2 Month Live Cattle CSO,FEB17,,,,,1.875,+.450,,1.425,,
market/Settlements/1_2_2017_ags_settlements.txt,Q02 SYNTH Future - 2 Month Live Cattle CSO,APR17,,,,,9.475,-.500,,9.975,,
market/Settlements/1_2_2017_ags_settlements.txt,Q02 SYNTH Future - 2 Month Live Cattle CSO,JUN17,,,,,4.000,-.225,,4.225,,
market/Settlements/1_2_2017_ags_settlements.txt,Q04 SYNTH Future - 4 Month Live Cattle CSO,FEB17,,,,,11.350,-.050,,11.400,,
market/Settlements/1_2_2017_ags_settlements.txt,Q04 SYNTH Future - 4 Month Live Cattle CSO,APR17,,,,,13.475,-.725,,14.200,,
market/Settlements/1_2_2017_ags_settlements.txt,Q06 SYNTH Future - 6 Month Live Cattle CSO,FEB17,,,,,15.350,-.275,,15.625,,
market/Settlements/1_2_2017_ags_settlements.txt,QC2 SYNTH CORN - DEC/DEC,DEC17,,,,,-7.4,-2.2,,-9.6,,
market/Settlements/1_2_2017_ags_settlements.txt,QC3 SYNTH CORN-NRBY+NXT2,MAR17,,,,,-7.4,+.2,,-7.2,,
market/Settlements/1_2_2017_ags_settlements.txt,QC3 SYNTH CORN-NRBY+NXT2,MAY17,,,,,-7.0,+.2,,-6.6,,
market/Settlements/1_2_2017_ags_settlements.txt,QC3 SYNTH CORN-NRBY+NXT2,JLY17,,,,,-6.4,-.2,,-6.6,,
market/Settlements/1_2_2017_ags_settlements.txt,QC3 SYNTH CORN-NRBY+NXT2,SEP17,,,,,-7.0,+.2,,-6.6,,
market/Settlements/1_2_2017_ags_settlements.txt,QC4 AUG-NOV Soybean CSO Synthetic Future,AUG17,,,,,39.6,+1.2,,38.4,,
market/Settlements/1_2_2017_ags_settlements.txt,QC6 SYNTH CORN-O/N CROP,JLY17,,,,,-13.4,0,,-13.4,,
market/Settlements/1_2_2017_ags_settlements.txt,QC7 MAR-JUL Corn CSO Synthetic,MAR17,,,,,-14.4,+.4,,-14.0,,
market/Settlements/1_2_2017_ags_settlements.txt,QC8 SYNTH CORN - DEC/JUL,DEC17,,,,,-13.4,-1.2,,-14.6,,
market/Settlements/1_2_2017_ags_settlements.txt,QCC MAR-DEC Corn CSO Synthetic,MAR17,,,,,-28.0,+.4,,-27.4,,
market/Settlements/1_2_2017_ags_settlements.txt,QCW SYNTHETIC WHEAT-CORN ICSO FUTURE,MAR17,,,,,65.4,+4.4,,61.0,,
market/Settlements/1_2_2017_ags_settlements.txt,QCW SYNTHETIC WHEAT-CORN ICSO FUTURE,MAY17,,,,,70.2,+3.6,,66.4,,
market/Settlements/1_2_2017_ags_settlements.txt,QCW SYNTHETIC WHEAT-CORN ICSO FUTURE,JLY17,,,,,77.0,+3.4,,73.4,,
market/Settlements/1_2_2017_ags_settlements.txt,QCW SYNTHETIC WHEAT-CORN ICSO FUTURE,SEP17,,,,,84.6,+3.0,,81.6,,
market/Settlements/1_2_2017_ags_settlements.txt,QM2 SYN SOYML-NRBY+NXT2,MAR17,,,,,-3.5,-.2,,-3.3,,
market/Settlements/1_2_2017_ags_settlements.txt,QM2 SYN SOYML-NRBY+NXT2,MAY17,,,,,-2.1,+.1,,-2.2,,
market/Settlements/1_2_2017_ags_settlements.txt,QM2 SYN SOYML-NRBY+NXT2,JLY17,,,,,2.7,+.2,,2.5,,
market/Settlements/1_2_2017_ags_settlements.txt,QM2 SYN SOYML-NRBY+NXT2,AUG17,,,,,3.6,+.2,,3.4,,
market/Settlements/1_2_2017_ags_settlements.txt,QM3 DEC-JUL Soybean Meal CSO Synthetic,DEC17,,,,,2.0,-.4,,2.4,,
market/Settlements/1_2_2017_ags_settlements.txt,QM4 AUG-DEC Soybean Meal CSO Synthetic,AUG17,,,,,10.7,+.8,,9.9,,
market/Settlements/1_2_2017_ags_settlements.txt,QM5 SEP-DEC Soybean Meal CSO Synthetic,SEP17,,,,,7.1,+.6,,6.5,,
market/Settlements/1_2_2017_ags_settlements.txt,QM6 SYN SOYML-OLD/NEWCRP,JLY17,,,,,13.4,+1.0,,12.4,,
market/Settlements/1_2_2017_ags_settlements.txt,QO2 SYN SOYBN-NRBY+NXT2,MAR17,,,,,-.29,0,,-.29,,
market/Settlements/1_2_2017_ags_settlements.txt,QO2 SYN SOYBN-NRBY+NXT2,MAY17,,,,,-.26,0,,-.26,,
market/Settlements/1_2_2017_ags_settlements.txt,QO2 SYN SOYBN-NRBY+NXT2,JLY17,,,,,-.06,-.02,,-.04,,
market/Settlements/1_2_2017_ags_settlements.txt,QO2 SYN SOYBN-NRBY+NXT2,AUG17,,,,,.01,-.02,,.03,,
market/Settlements/1_2_2017_ags_settlements.txt,QO3 DEC-JUL Soybean Oil CSO Synthetic,DEC17,,,,,-.07,+.05,,-.12,,
market/Settlements/1_2_2017_ags_settlements.txt,QO4 AUG-DEC Soybean Oil CSO Synthetic,AUG17,,,,,.04,-.10,,.14,,
market/Settlements/1_2_2017_ags_settlements.txt,QO5 SEP-DEC Soybean Oil CSO Synthetic,SEP17,,,,,.03,-.08,,.11,,
market/Settlements/1_2_2017_ags_settlements.txt,QO6 SYN SOYBN-OLD/NEWCRP,JLY17,,,,,-.02,-.12,,.10,,
market/Settlements/1_2_2017_ags_settlements.txt,QS0 MAR-NOV Soybean CSO Synthetic,MAR17,,,,,24.6,+1.2,,23.4,,
market/Settlements/1_2_2017_ags_settlements.txt,QS1 JUL-JUL Soybean CSO Synthetic,JLY17,,,,,37.2,+.6,,36.4,,
market/Settlements/1_2_2017_ags_settlements.txt,QS2 SYNTH SOY - NOV/NOV,NOV17,,,,,38.6,+.4,,38.2,,
market/Settlements/1_2_2017_ags_settlements.txt,QS3 NOV-MAR Soybean CSO Synthetic,NOV17,,,,,-2.4,0,,-2.4,,
market/Settlements/1_2_2017_ags_settlements.txt,QS5 SYNTH SOY - JAN/MAY,JAN18,,,,,.0,0,,.0,,
market/Settlements/1_2_2017_ags_settlements.txt,QS8 JAN-MAR Soybean CSO Synthetic,JAN18,,,,,38.6,+.4,,38.2,,
market/Settlements/1_2_2017_ags_settlements.txt,QS9 SYNTH SOY - NOV/JULY,NOV17,,,,,-5.2,+.6,,-4.4,,
market/Settlements/1_2_2017_ags_settlements.txt,QW2 SYNTH WHT - JULY/DEC,JLY17,,,,,-51.6,-3.2,,-55.0,,
market/Settlements/1_2_2017_ags_settlements.txt,QW3 SYNTH WHT-NRBY+NXT2,MAR17,,,,,-12.2,-.4,,-12.6,,
market/Settlements/1_2_2017_ags_settlements.txt,QW3 SYNTH WHT-NRBY+NXT2,MAY17,,,,,-13.6,0,,-13.6,,
market/Settlements/1_2_2017_ags_settlements.txt,QW3 SYNTH WHT-NRBY+NXT2,JLY17,,,,,-14.2,-.6,,-15.0,,
market/Settlements/1_2_2017_ags_settlements.txt,QW3 SYNTH WHT-NRBY+NXT2,SEP17,,,,,-17.0,-.4,,-17.4,,
market/Settlements/1_2_2017_ags_settlements.txt,QW6 SYNTH WHT - O/N CROP,DEC17,,,,,-20.4,-2.0,,-22.4,,
market/Settlements/1_2_2017_ags_settlements.txt,RRE S&P GSCI Enhanced ER Swap Futures,FEB17,,,,,235.9598,+2.9207,,233.0391,,
market/Settlements/1_2_2017_ags_settlements.txt,RRE S&P GSCI Enhanced ER Swap Futures,MAR17,,,,,235.9598,+2.9207,,233.0391,,17033
market/Settlements/1_2_2017_ags_settlements.txt,RRE S&P GSCI Enhanced ER Swap Futures,APR17,,,,,235.9598,+2.9207,,233.0391,,
market/Settlements/1_2_2017_ags_settlements.txt,RRE S&P GSCI Enhanced ER Swap Futures,MAY17,,,,,235.9598,0,,,,
market/Settlements/1_2_2017_ags_settlements.txt,RRF Rough Rice Futures,MAR17,9.595,9.620,9.500,9.530,9.530,-.005,503,9.535,1098,9777
market/Settlements/1_2_2017_ags_settlements.txt,RRF Rough Rice Futures,MAY17,9.840,9.870,9.770,9.790,9.790,-.005,271,9.795,665,1747
market/Settlements/1_2_2017_ags_settlements.txt,RRF Rough Rice Futures,JLY17,,,,,10.010,0,8,10.010,6,51
market/Settlements/1_2_2017_ags_settlements.txt,RRF Rough Rice Futures,SEP17,,,,,10.165,0,,10.165,7,29
market/Settlements/1_2_2017_ags_settlements.txt,S Soybean Futures,MAR17,1024.4,1037.4,1017.0,1035.6,1036.6,+12.2,99753,1024.4,83518,316397
market/Settlements/1_2_2017_ags_settlements.txt,S Soybean Futures,MAY17,1034.0,1047.4,1027.0,1047.0,1046.6,+12.4,34158,1034.2,29375,148781
market/Settlements/1_2_2017_ags_settlements.txt,S Soybean Futures,JLY17,1042.2,1055.0,1034.6,1054.4,1054.4,+12.4,27470,1042.0,20737,122662
market/Settlements/1_2_2017_ags_settlements.txt,S Soybean Futures,AUG17,1034.4,1052.0,1032.6,1051.4,1051.6,+12.2,2555,1039.4,1356,9438
market/Settlements/1_2_2017_ags_settlements.txt,S7C Soybean MAY/NOV SYNTHETIC FUTURE,MAY17,,,,,34.6,+1.4,,33.2,,
market/Settlements/1_2_2017_ags_settlements.txt,SBT Soybean TAS Futures,MAR17,.0,.0,.0,.0,.0,0,1721,.0,,
market/Settlements/1_2_2017_ags_settlements.txt,SBT Soybean TAS Futures,MAY17,.0,.2,.0,.0,.0,0,785,.0,,
market/Settlements/1_2_2017_ags_settlements.txt,SBT Soybean TAS Futures,JLY17,.0,.0,-.2,.0,.0,0,116,.0,,
market/Settlements/1_2_2017_ags_settlements.txt,SBT Soybean TAS Futures,NOV17,.0,.0,-.2,.0,.0,0,85,.0,,
market/Settlements/1_2_2017_ags_settlements.txt,SE2 2MTH S&P GSCI SWAP,FEB17,,,,,209.4544,+2.9358,,206.5186,,
market/Settlements/1_2_2017_ags_settlements.txt,SE2 2MTH S&P GSCI SWAP,MAR17,,,,,209.4544,+2.9358,,206.5186,,
market/Settlements/1_2_2017_ags_settlements.txt,SE2 2MTH S&P GSCI SWAP,APR17,,,,,209.4544,+2.9358,,206.5186,,
market/Settlements/1_2_2017_ags_settlements.txt,SE2 2MTH S&P GSCI SWAP,MAY17,,,,,209.4544,0,,,,
market/Settlements/1_2_2017_ags_settlements.txt,SE3 3MTH S&P GSCI SWAP,FEB17,,,,,212.1183,+2.8865,,209.2318,,
market/Settlements/1_2_2017_ags_settlements.txt,SE3 3MTH S&P GSCI SWAP,MAR17,,,,,212.1183,+2.8865,,209.2318,,
market/Settlements/1_2_2017_ags_settlements.txt,SE3 3MTH S&P GSCI SWAP,APR17,,,,,212.1183,+2.8865,,209.2318,,
market/Settlements/1_2_2017_ags_settlements.txt,SE3 3MTH S&P GSCI SWAP,MAY17,,,,,212.1183,0,,,,
market/Settlements/1_2_2017_ags_settlements.txt,SES OTC S&P GSCI SWAP Future,FEB17,,,,,233.3008,+3.4104,,229.8904,,
market/Settlements/1_2_2017_ags_settlements.txt,SES OTC S&P GSCI SWAP Future,MAR17,,,,,233.3008,+3.4104,,229.8904,,
market/Settlements/1_2_2017_ags_settlements.txt,SES OTC S&P GSCI SWAP Future,APR17,,,,,233.3008,+3.4104,,229.8904,,
market/Settlements/1_2_2017_ags_settlements.txt,SES OTC S&P GSCI SWAP Future,MAY17,,,,,233.3008,0,,,,
market/Settlements/1_2_2017_ags_settlements.txt,SM Soybean Meal Futures,MAR17,334.3,336.2,331.0,336.0,336.0,+1.4,43915,334.6,41739,163371
market/Settlements/1_2_2017_ags_settlements.txt,SM Soybean Meal Futures,MAY17,338.4,339.7,334.4,339.5,339.5,+1.6,18150,337.9,18938,95926
market/Settlements/1_2_2017_ags_settlements.txt,SM Soybean Meal Futures,JLY17,339.6,341.8,336.5,341.6,341.6,+1.5,11201,340.1,5431,60500
market/Settlements/1_2_2017_ags_settlements.txt,SM Soybean Meal Futures,AUG17,335.7,339.1,334.4,339.0,338.9,+1.3,878,337.6,1128,8878
market/Settlements/1_2_2017_ags_settlements.txt,SQ2 SYNTH SOY-NRBY+NXT2,MAR17,,,,,-10.0,+.2,,-9.6,,
market/Settlements/1_2_2017_ags_settlements.txt,SQ2 SYNTH SOY-NRBY+NXT2,MAY17,,,,,-7.6,0,,-7.6,,
market/Settlements/1_2_2017_ags_settlements.txt,SQ2 SYNTH SOY-NRBY+NXT2,JLY17,,,,,2.6,+.2,,2.4,,
market/Settlements/1_2_2017_ags_settlements.txt,SQ2 SYNTH SOY-NRBY+NXT2,AUG17,,,,,20.2,+.2,,20.0,,
market/Settlements/1_2_2017_ags_settlements.txt,SQ5 SYNTH SOY-OLD/NEWCRP,JLY17,,,,,42.4,+1.4,,41.0,,
market/Settlements/1_2_2017_ags_settlements.txt,TIN BMD Tin Futures,FEB17,,,,,,0,,19700,,
market/Settlements/1_2_2017_ags_settlements.txt,TIN BMD Tin Futures,MAR17,,,,,,0,,19700,,
market/Settlements/1_2_2017_ags_settlements.txt,TIN BMD Tin Futures,APR17,,,,,,0,,19700,,
market/Settlements/1_2_2017_ags_settlements.txt,TIN BMD Tin Futures,MAY17,,,,,,0,,19700,,
market/Settlements/1_2_2017_ags_settlements.txt,UFG Urea (Granular) FOB Egypt Swap Future,FEB17,,,,,281.25,+.25,,281.00,,
market/Settlements/1_2_2017_ags_settlements.txt,UFG Urea (Granular) FOB Egypt Swap Future,MAR17,,,,,281.75,0,,281.75,,
market/Settlements/1_2_2017_ags_settlements.txt,UFG Urea (Granular) FOB Egypt Swap Future,APR17,,,,,281.50,0,,281.50,,
market/Settlements/1_2_2017_ags_settlements.txt,UFG Urea (Granular) FOB Egypt Swap Future,MAY17,,,,,277.50,0,,277.50,,
market/Settlements/1_2_2017_ags_settlements.txt,UFN Urea FOB US GULF SWAP FUTURE,FEB17,,,,,249.25,-5.00,,254.25,,285
market/Settlements/1_2_2017_ags_settlements.txt,UFN Urea FOB US GULF SWAP FUTURE,MAR17,,,,,254.25,-2.00,30,256.25,75,547
market/Settlements/1_2_2017_ags_settlements.txt,UFN Urea FOB US GULF SWAP FUTURE,APR17,,,,,247.25,-4.00,,251.25,,165
market/Settlements/1_2_2017_ags_settlements.txt,UFN Urea FOB US GULF SWAP FUTURE,MAY17,,,,,247.50,0,,247.50,,105
market/Settlements/1_2_2017_ags_settlements.txt,UFU UAN FOB NOLA SWAP FUTURE,FEB17,,,,,186.00,-1.50,,187.50,,285
market/Settlements/1_2_2017_ags_settlements.txt,UFU UAN FOB NOLA SWAP FUTURE,MAR17,,,,,192.50,0,,192.50,,270
market/Settlements/1_2_2017_ags_settlements.txt,UFU UAN FOB NOLA SWAP FUTURE,APR17,,,,,190.50,0,,190.50,,95
market/Settlements/1_2_2017_ags_settlements.txt,UFU UAN FOB NOLA SWAP FUTURE,MAY17,,,,,185.50,0,,185.50,,30
market/Settlements/1_2_2017_ags_settlements.txt,UFZ Urea (Prilled Bulk) FOB Yuzhny Swap Future,FEB17,,,,,248.75,0,,248.75,,
market/Settlements/1_2_2017_ags_settlements.txt,UFZ Urea (Prilled Bulk) FOB Yuzhny Swap Future,MAR17,,,,,248.75,0,,248.75,,
market/Settlements/1_2_2017_ags_settlements.txt,UFZ Urea (Prilled Bulk) FOB Yuzhny Swap Future,APR17,,,,,244.00,0,,244.00,,
market/Settlements/1_2_2017_ags_settlements.txt,UFZ Urea (Prilled Bulk) FOB Yuzhny Swap Future,MAY17,,,,,240.00,0,,240.00,,
market/Settlements/1_2_2017_ags_settlements.txt,UPO BMD USD CPO FUTURES,FEB17,,,,,,0,,729.25,,
market/Settlements/1_2_2017_ags_settlements.txt,UPO BMD USD CPO FUTURES,MAR17,,,,,,0,,700.00,,
market/Settlements/1_2_2017_ags_settlements.txt,UPO BMD USD CPO FUTURES,APR17,,,,,,0,,684.00,,
market/Settlements/1_2_2017_ags_settlements.txt,UPO BMD USD CPO FUTURES,MAY17,,,,,,0,,669.00,,
market/Settlements/1_2_2017_ags_settlements.txt,W Wheat Futures,MAR17,421.0,434.4,417.0,433.0,433.6,+13.0,97407,420.6,60231,242522
market/Settlements/1_2_2017_ags_settlements.txt,W Wheat Futures,MAY17,434.0,446.6,429.4,446.2,446.0,+12.4,29466,433.4,23493,100271
market/Settlements/1_2_2017_ags_settlements.txt,W Wheat Futures,JLY17,447.0,460.4,443.2,459.4,459.6,+12.4,19257,447.2,14280,76667
market/Settlements/1_2_2017_ags_settlements.txt,W Wheat Futures,SEP17,462.4,474.6,457.0,474.2,474.0,+11.6,4998,462.2,2637,23962
market/Settlements/1_2_2017_ags_settlements.txt,WEU EU Milling Wheat Futures,MAR17,180.00,181.75,180.00,181.75,181.75,+.25,41,181.50,65,172
market/Settlements/1_2_2017_ags_settlements.txt,WEU EU Milling Wheat Futures,MAY17,177.00,178.75,175.75,176.50,176.25,-1.75,22,178.00,11,415
market/Settlements/1_2_2017_ags_settlements.txt,WEU EU Milling Wheat Futures,SEP17,,168.50,,168.50,168.25,+.50,116,167.75,239,220
market/Settlements/1_2_2017_ags_settlements.txt,WEU EU Milling Wheat Futures,DEC17,,171.00,,171.00,171.00,+.50,319,170.50,776,484
market/Settlements/1_2_2017_ags_settlements.txt,WMK MGX-KBT WHT SPRD SYN,JLY17,,,,,92.0,-4.6,,96.6,,
market/Settlements/1_2_2017_ags_settlements.txt,WMK MGX-KBT WHT SPRD SYN,SEP17,,,,,95.4,-4.6,,100.2,,
market/Settlements/1_2_2017_ags_settlements.txt,WMK MGX-KBT WHT SPRD SYN,DEC17,,,,,67.0,-4.0,,71.0,,
market/Settlements/1_2_2017_ags_settlements.txt,WQ6 SYNTH WHT -JULY/JULY,JLY17,,,,,-31.2,-1.2,,-32.4,,
market/Settlements/1_2_2017_ags_settlements.txt,YC Mini-sized Corn Futures,MAR17,359.5,368.3,358.0,368.1,368.2,+8.4,350,359.6,176,3187
market/Settlements/1_2_2017_ags_settlements.txt,YC Mini-sized Corn Futures,MAY17,367.0,375.3,365.2,373.7,375.6,+8.6,36,367.0,17,438
market/Settlements/1_2_2017_ags_settlements.txt,YC Mini-sized Corn Futures,JLY17,374.6,382.2,372.4,382.2,382.6,+9.0,41,373.6,12,5433
market/Settlements/1_2_2017_ags_settlements.txt,YC Mini-sized Corn Futures,SEP17,382.5,387.0,382.5,387.0,389.2,+8.6,2,380.4,,77
market/Settlements/1_2_2017_ags_settlements.txt,YK Mini-sized Soybean Futures,MAR17,1024.0,1039.2,1016.7,1037.4,1036.6,+12.2,371,1024.4,349,6007
market/Settlements/1_2_2017_ags_settlements.txt,YK Mini-sized Soybean Futures,MAY17,1034.2,1049.0,1027.3,1049.0,1046.6,+12.4,40,1034.2,42,1281
market/Settlements/1_2_2017_ags_settlements.txt,YK Mini-sized Soybean Futures,JLY17,1042.4,1056.6,1035.0,1056.6,1054.4,+12.4,44,1042.0,39,3298
market/Settlements/1_2_2017_ags_settlements.txt,YK Mini-sized Soybean Futures,AUG17,1039.0,1051.3,1033.7,1051.3,1051.6,+12.2,1,1039.4,,63
market/Settlements/1_2_2017_ags_settlements.txt,YW Mini-sized Wheat Futures,MAR17,421.6,435.0,417.1,432.6,433.6,+13.0,354,420.6,126,1298
market/Settlements/1_2_2017_ags_settlements.txt,YW Mini-sized Wheat Futures,MAY17,433.0,446.0,430.0,446.0,446.0,+12.4,37,433.4,14,133
market/Settlements/1_2_2017_ags_settlements.txt,YW Mini-sized Wheat Futures,JLY17,447.4,460.2,447.4,460.2,459.6,+12.4,21,447.2,5,340
market/Settlements/1_2_2017_ags_settlements.txt,YW Mini-sized Wheat Futures,SEP17,,,,,474.0,+11.6,,462.2,1,34
market/Settlements/1_2_2017_ags_settlements.txt,Z3W MAR-JUL Wheat CSO Synthetic,MAR17,,,,,-26.0,-.4,,-26.4,,
market/Settlements/1_2_2017_ags_settlements.txt,ZCT Corn TAS Futures,MAR17,.0,.2,.0,.2,.0,0,8102,.0,,
market/Settlements/1_2_2017_ags_settlements.txt,ZCT Corn TAS Futures,MAY17,.0,.4,.0,.2,.0,0,5280,.0,,
market/Settlements/1_2_2017_ags_settlements.txt,ZCT Corn TAS Futures,JLY17,.0,.2,.0,.2,.0,0,1661,.0,,
market/Settlements/1_2_2017_ags_settlements.txt,ZCT Corn TAS Futures,DEC17,-.2,.0,-.2,.0,.0,0,114,.0,,
market/Settlements/1_2_2017_ags_settlements.txt,ZLT Soybean Oil TAS Futures,MAR17,.00,.01,.00,.00,.00,0,1490,.00,,
market/Settlements/1_2_2017_ags_settlements.txt,ZLT Soybean Oil TAS Futures,MAY17,.00,.01,.00,.00,.00,0,1116,.00,,
market/Settlements/1_2_2017_ags_settlements.txt,ZLT Soybean Oil TAS Futures,JLY17,.00,.01,.00,.00,.00,0,12,.00,,
market/Settlements/1_2_2017_ags_settlements.txt,ZLT Soybean Oil TAS Futures,DEC17,,,,,.00,0,,.00,,
market/Settlements/1_2_2017_ags_settlements.txt,ZMT Soybean Meal TAS Futures,MAR17,.0,.0,.0,.0,.0,0,784,.0,,
market/Settlements/1_2_2017_ags_settlements.txt,ZMT Soybean Meal TAS Futures,MAY17,.0,.0,-.1,.0,.0,0,193,.0,,
market/Settlements/1_2_2017_ags_settlements.txt,ZMT Soybean Meal TAS Futures,JLY17,.0,.0,.0,.0,.0,0,44,.0,,
market/Settlements/1_2_2017_ags_settlements.txt,ZMT Soybean Meal TAS Futures,DEC17,,,,,.0,0,,.0,,
market/Settlements/1_2_2017_ags_settlements.txt,ZWC WHEAT - DEC/DEC SYNTHETIC FUTURE,DEC17,,,,,-44.6,-3.4,,-48.2,,
market/Settlements/1_2_2017_ags_settlements.txt,ZWT Wheat TAS Futures,MAR17,.0,.6,.0,.4,.0,0,2979,.0,,
market/Settlements/1_2_2017_ags_settlements.txt,ZWT Wheat TAS Futures,MAY17,.0,.4,.0,.4,.0,0,1222,.0,,
market/Settlements/1_2_2017_ags_settlements.txt,ZWT Wheat TAS Futures,JLY17,.0,.4,.0,.4,.0,0,510,.0,,
market/Settlements/1_2_2017_ags_settlements.txt,ZX Mid-size Milk Futures,JAN17,,,,,16.77,0,,16.75,,
market/Settlements/1_2_2017_ags_settlements.txt,ZX Mid-size Milk Futures,FEB17,,,,,16.74,+.03,,16.71,,
market/Settlements/1_2_2017_ags_settlements.txt,ZX Mid-size Milk Futures,MAR17,,,,,17.15,0,,17.15,,
market/Settlements/1_2_2017_ags_settlements.txt,ZX Mid-size Milk Futures,APR17,,,,,17.34,+.04,,17.30,,
market/Settlements/1_2_2017_ags_settlements.txt,AA GRADE AA BUTTER,NOV17,,,,,2240.00,0,,2240.00,,
market/Settlements/1_2_2017_ags_settlements.txt,KB BLOCK STYLE CHEESE,NOV17,,1750.00,,1750.00,1750.00,+42.50,,1707.50,,
market/Settlements/1_2_2017_ags_settlements.txt,NM NONFAT DRY MILK-GR A,NOV17,,,,,9.4750,+.0250,,9.4500,,
market/Settlements/1_2_2017_ags_settlements.txt,RB BARREL STYLE CHEESE,NOV17,,1577.50,1507.50,1577.50,1577.50,+60.00,7,1517.50,,
market/Settlements/1_2_2017_ags_settlements.txt,CKM JLY17 KC HRW Calendar Spread Options - July/Dec CALL,-400,,,,,5.6,+.4,,5.2,,
market/Settlements/1_2_2017_ags_settlements.txt,CKM JLY17 KC HRW Calendar Spread Options - July/Dec PUT,-400,,,,,1.0,0,,1.0,,5
market/Settlements/1_2_2017_ags_settlements.txt,PYC MAY17 Corn CSO - Nearby + Next 2 CALL,-70,,,,,.7,-.1,,1.0,,575
market/Settlements/1_2_2017_ags_settlements.txt,PYC MAY17 Corn CSO - Nearby + Next 2 CALL,-80,,,,,1.5,-.1,,1.6,,100
market/Settlements/1_2_2017_ags_settlements.txt,PYC JLY17 Corn CSO - Nearby + Next 2 CALL,-50,,,,,1.3,+.1,,1.2,,400
market/Settlements/1_2_2017_ags_settlements.txt,PYC JLY17 Corn CSO - Nearby + Next 2 CALL,-60,,,,,1.6,+.2,,1.4,,
market/Settlements/1_2_2017_ags_settlements.txt,PYC JLY17 Corn CSO - Nearby + Next 2 CALL,-70,,,,,2.1,+.3,,1.6,,
market/Settlements/1_2_2017_ags_settlements.txt,PYC JLY17 Corn CSO - Nearby + Next 2 CALL,-80,,,,,2.4,+.2,,2.2,,
market/Settlements/1_2_2017_ags_settlements.txt,PYC MAY17 Corn CSO - Nearby + Next 2 PUT,-70,,,,,.7,+.1,,.6,,600
market/Settlements/1_2_2017_ags_settlements.txt,PYC MAY17 Corn CSO - Nearby + Next 2 PUT,-80,,,,,.5,+.1,,.4,,200
market/Settlements/1_2_2017_ags_settlements.txt,PYC JLY17 Corn CSO - Nearby + Next 2 PUT,-50,,,,,2.7,-.1,,3.0,,
market/Settlements/1_2_2017_ags_settlements.txt,PYC JLY17 Corn CSO - Nearby + Next 2 PUT,-60,,,,,2.2,0,,2.2,,
market/Settlements/1_2_2017_ags_settlements.txt,PYC JLY17 Corn CSO - Nearby + Next 2 PUT,-70,,,,,1.5,+.1,,1.4,,
market/Settlements/1_2_2017_ags_settlements.txt,PYC JLY17 Corn CSO - Nearby + Next 2 PUT,-80,,,,,1.0,0,,1.0,,411
market/Settlements/1_2_2017_ags_settlements.txt,WZC MAR17 Wheat CSO - Nearby + Next 2 CALL,-100,,,,,.7,0,,.7,,8
market/Settlements/1_2_2017_ags_settlements.txt,WZC MAR17 Wheat CSO - Nearby + Next 2 CALL,-120,,,,,1.5,+.2,,1.3,,
market/Settlements/1_2_2017_ags_settlements.txt,WZC MAR17 Wheat CSO - Nearby + Next 2 CALL,-130,,,,,2.1,+.3,,1.6,,15
market/Settlements/1_2_2017_ags_settlements.txt,WZC MAR17 Wheat CSO - Nearby + Next 2 CALL,-150,,,,,3.3,+.3,,3.0,,197
market/Settlements/1_2_2017_ags_settlements.txt,WZC MAY17 Wheat CSO - Nearby + Next 2 CALL,-130,,,,,2.6,-.1,,2.7,,10
market/Settlements/1_2_2017_ags_settlements.txt,WZC MAY17 Wheat CSO - Nearby + Next 2 CALL,-150,,,,,3.5,-.1,,3.6,,513
market/Settlements/1_2_2017_ags_settlements.txt,WZC MAY17 Wheat CSO - Nearby + Next 2 CALL,-200,,,,,7.0,+.1,,6.7,,244
market/Settlements/1_2_2017_ags_settlements.txt,WZC JLY17 Wheat CSO - Nearby + Next 2 CALL,-130,,,,,2.7,+.3,,2.4,,
market/Settlements/1_2_2017_ags_settlements.txt,WZC JLY17 Wheat CSO - Nearby + Next 2 CALL,-150,,,,,3.6,+.4,,3.2,,430
market/Settlements/1_2_2017_ags_settlements.txt,WZC MAR17 Wheat CSO - Nearby + Next 2 PUT,-100,,,,,3.1,-.4,,3.5,,146
market/Settlements/1_2_2017_ags_settlements.txt,WZC MAR17 Wheat CSO - Nearby + Next 2 PUT,-120,,,,,1.7,-.2,,2.1,,75
market/Settlements/1_2_2017_ags_settlements.txt,WZC MAR17 Wheat CSO - Nearby + Next 2 PUT,-130,,,,,1.3,-.1,,1.4,,50
market/Settlements/1_2_2017_ags_settlements.txt,WZC MAR17 Wheat CSO - Nearby + Next 2 PUT,-150,,,,,.5,-.1,,.6,,553
market/Settlements/1_2_2017_ags_settlements.txt,WZC MAY17 Wheat CSO - Nearby + Next 2 PUT,-130,,,,,3.4,-.1,,3.5,,
market/Settlements/1_2_2017_ags_settlements.txt,WZC MAY17 Wheat CSO - Nearby + Next 2 PUT,-150,,,,,2.3,-.1,,2.4,15,1424
market/Settlements/1_2_2017_ags_settlements.txt,WZC MAY17 Wheat CSO - Nearby + Next 2 PUT,-200,,,,,.6,+.1,,.5,,
market/Settlements/1_2_2017_ags_settlements.txt,WZC JLY17 Wheat CSO - Nearby + Next 2 PUT,-130,,,,,4.1,-.3,,4.4,,10
market/Settlements/1_2_2017_ags_settlements.txt,WZC JLY17 Wheat CSO - Nearby + Next 2 PUT,-150,,,,,3.0,-.2,,3.2,10,1275
market/Settlements/1_2_2017_ags_settlements.txt,ZSC MAR17 Soybean CSO - Nearby + Next 2 CALL,-80,,,,,.2,-.1,,.3,,
market/Settlements/1_2_2017_ags_settlements.txt,ZSC MAR17 Soybean CSO - Nearby + Next 2 PUT,-80,,,,,2.2,+.1,,2.1,,25
market/Settlements/1_2_2017_ags_settlements.txt,CWM JLY17 WHEAT CSO - DEC/JULY CALL,-250,,,,,2.7,+.1,,2.6,,100
market/Settlements/1_2_2017_ags_settlements.txt,CWM JLY17 WHEAT CSO - DEC/JULY CALL,-300,,,,,4.4,+.3,,4.1,,
market/Settlements/1_2_2017_ags_settlements.txt,CWM JLY17 WHEAT CSO - DEC/JULY CALL,-350,,,,,7.0,+.6,,6.2,,
market/Settlements/1_2_2017_ags_settlements.txt,CWM JLY17 WHEAT CSO - DEC/JULY PUT,-250,,,,,9.1,-1.1,,10.2,,100
market/Settlements/1_2_2017_ags_settlements.txt,CWM JLY17 WHEAT CSO - DEC/JULY PUT,-300,,,,,5.6,-.7,,6.5,,200
market/Settlements/1_2_2017_ags_settlements.txt,CWM JLY17 WHEAT CSO - DEC/JULY PUT,-350,,,,,3.2,-.4,,3.6,,100
market/Settlements/1_2_2017_ags_settlements.txt,CW3 MAR17 MAR-JUL Wheat CSO CALL,-150,,,,,.3,+.2,,.1,,200
market/Settlements/1_2_2017_ags_settlements.txt,CW3 MAR17 MAR-JUL Wheat CSO CALL,-200,.6,.6,.6,.6,.6,+.2,100,.4,,216
market/Settlements/1_2_2017_ags_settlements.txt,CW3 MAR17 MAR-JUL Wheat CSO CALL,-250,2.0,2.0,2.0,2.0,1.7,+.3,50,1.4,,80
market/Settlements/1_2_2017_ags_settlements.txt,CW3 MAR17 MAR-JUL Wheat CSO CALL,-300,5.2,5.2,5.2,5.2,4.7,+.5,,4.2,,258
market/Settlements/1_2_2017_ags_settlements.txt,CW3 MAR17 MAR-JUL Wheat CSO PUT,-150,,,,,11.3,-.2,,11.5,,
market/Settlements/1_2_2017_ags_settlements.txt,CW3 MAR17 MAR-JUL Wheat CSO PUT,-200,,,,,6.6,-.2,,7.0,,
market/Settlements/1_2_2017_ags_settlements.txt,CW3 MAR17 MAR-JUL Wheat CSO PUT,-250,,,,,2.7,-.1,,3.0,,325
market/Settlements/1_2_2017_ags_settlements.txt,CW3 MAR17 MAR-JUL Wheat CSO PUT,-300,,,,,.7,+.1,,.6,,175
